,Parameter,RMSE
0,DewPointC,4.434298072433556
1,FeelsLikeC,6.589655289748032
2,HeatIndexC,6.446187157916038
3,WindChillC,6.467550210751851
4,WindGustKmph,8.868054108011933
5,cloudcover,23.342833646611773
6,humidity,18.164680671195697
7,precipMM,0.5776276122937003
8,pressure,3.0270002623551444
9,tempC,6.620334802618994
10,visibility,2.186630009363597
11,winddirDegree,94.27921819656477
12,windspeedKmph,5.377314772110493
